{
  "openapi": "3.0.0",
  "info": {
    "version": "v0.0.1",
    "title": "Dokumentasi API ACARA",
    "description": "Dokumentasi API ACARA"
  },
  "servers": [
    {
      "url": "http://localhost:3000/api",
      "description": "Local Server"
    },
    {
      "url": "https://back-end-acara.vercel.app/api",
      "description": "Deploy Server"
    }
  ],
  "paths": {
    "/auth/register": {
      "post": {
        "tags": [
          "Auth"
        ],
        "description": "",
        "responses": {
          "default": {
            "description": ""
          }
        },
        "requestBody": {
          "required": true,
          "content": {
            "application/json": {
              "schema": {
                "$ref": "#/components/schemas/RegisterRequest"
              }
            },
            "application/xml": {
              "schema": {
                "$ref": "#/components/schemas/RegisterRequest"
              }
            }
          }
        }
      }
    },
    "/auth/login": {
      "post": {
        "tags": [
          "Auth"
        ],
        "description": "",
        "responses": {
          "default": {
            "description": ""
          }
        },
        "requestBody": {
          "required": true,
          "content": {
            "application/json": {
              "schema": {
                "$ref": "#/components/schemas/LoginRequest"
              }
            },
            "application/xml": {
              "schema": {
                "$ref": "#/components/schemas/LoginRequest"
              }
            }
          }
        }
      }
    },
    "/auth/me": {
      "get": {
        "tags": [
          "Auth"
        ],
        "description": "",
        "responses": {
          "default": {
            "description": ""
          }
        },
        "security": [
          {
            "bearerAuth": {}
          }
        ]
      }
    },
    "/auth/activation": {
      "post": {
        "tags": [
          "Auth"
        ],
        "description": "",
        "responses": {
          "default": {
            "description": ""
          }
        },
        "requestBody": {
          "required": true,
          "content": {
            "application/json": {
              "schema": {
                "$ref": "#/components/schemas/ActivationRequest"
              }
            },
            "application/xml": {
              "schema": {
                "$ref": "#/components/schemas/ActivationRequest"
              }
            }
          }
        }
      }
    },
    "/auth/update-profile": {
      "put": {
        "tags": [
          "Auth"
        ],
        "description": "",
        "responses": {
          "default": {
            "description": ""
          }
        },
        "security": [
          {
            "bearerAuth": {}
          }
        ],
        "requestBody": {
          "required": true,
          "content": {
            "application/json": {
              "schema": {
                "$ref": "#/components/schemas/UpdateProfileRequest"
              }
            },
            "application/xml": {
              "schema": {
                "$ref": "#/components/schemas/UpdateProfileRequest"
              }
            }
          }
        }
      }
    },
    "/auth/update-password": {
      "put": {
        "tags": [
          "Auth"
        ],
        "description": "",
        "responses": {
          "default": {
            "description": ""
          }
        },
        "security": [
          {
            "bearerAuth": {}
          }
        ],
        "requestBody": {
          "required": true,
          "content": {
            "application/json": {
              "schema": {
                "$ref": "#/components/schemas/UpdatePasswordRequest"
              }
            },
            "application/xml": {
              "schema": {
                "$ref": "#/components/schemas/UpdatePasswordRequest"
              }
            }
          }
        }
      }
    },
    "/orders": {
      "post": {
        "tags": [
          "Order"
        ],
        "description": "",
        "responses": {
          "default": {
            "description": ""
          }
        },
        "security": [
          {
            "bearerAuth": ""
          }
        ],
        "requestBody": {
          "required": true,
          "content": {
            "application/json": {
              "schema": {
                "$ref": "#/components/schemas/CreateOrderRequest"
              }
            },
            "application/xml": {
              "schema": {
                "$ref": "#/components/schemas/CreateOrderRequest"
              }
            }
          }
        }
      },
      "get": {
        "tags": [
          "Order"
        ],
        "description": "",
        "parameters": [
          {
            "name": "limit",
            "in": "query",
            "schema": {
              "type": "string"
            }
          },
          {
            "name": "page",
            "in": "query",
            "schema": {
              "type": "string"
            }
          },
          {
            "name": "search",
            "in": "query",
            "schema": {
              "type": "string"
            }
          }
        ],
        "responses": {
          "default": {
            "description": ""
          }
        },
        "security": [
          {
            "bearerAuth": ""
          }
        ]
      }
    },
    "/orders/{orderId}": {
      "get": {
        "tags": [
          "Order"
        ],
        "description": "",
        "parameters": [
          {
            "name": "orderId",
            "in": "path",
            "required": true,
            "schema": {
              "type": "string"
            }
          }
        ],
        "responses": {
          "default": {
            "description": ""
          }
        },
        "security": [
          {
            "bearerAuth": ""
          }
        ]
      },
      "delete": {
        "tags": [
          "Order"
        ],
        "description": "",
        "parameters": [
          {
            "name": "orderId",
            "in": "path",
            "required": true,
            "schema": {
              "type": "string"
            }
          }
        ],
        "responses": {
          "default": {
            "description": ""
          }
        },
        "security": [
          {
            "bearerAuth": ""
          }
        ]
      }
    },
    "/orders/{orderId}/completed": {
      "put": {
        "tags": [
          "Order"
        ],
        "description": "",
        "parameters": [
          {
            "name": "orderId",
            "in": "path",
            "required": true,
            "schema": {
              "type": "string"
            }
          }
        ],
        "responses": {
          "default": {
            "description": ""
          }
        },
        "security": [
          {
            "bearerAuth": ""
          }
        ]
      }
    },
    "/orders/{orderId}/pending": {
      "put": {
        "tags": [
          "Order"
        ],
        "description": "",
        "parameters": [
          {
            "name": "orderId",
            "in": "path",
            "required": true,
            "schema": {
              "type": "string"
            }
          }
        ],
        "responses": {
          "default": {
            "description": ""
          }
        },
        "security": [
          {
            "bearerAuth": ""
          }
        ]
      }
    },
    "/orders/{orderId}/cancelled": {
      "put": {
        "tags": [
          "Order"
        ],
        "description": "",
        "parameters": [
          {
            "name": "orderId",
            "in": "path",
            "required": true,
            "schema": {
              "type": "string"
            }
          }
        ],
        "responses": {
          "default": {
            "description": ""
          }
        },
        "security": [
          {
            "bearerAuth": ""
          }
        ]
      }
    },
    "/orders-history": {
      "get": {
        "tags": [
          "Order"
        ],
        "description": "",
        "parameters": [
          {
            "name": "limit",
            "in": "query",
            "schema": {
              "type": "string"
            }
          },
          {
            "name": "page",
            "in": "query",
            "schema": {
              "type": "string"
            }
          },
          {
            "name": "search",
            "in": "query",
            "schema": {
              "type": "string"
            }
          }
        ],
        "responses": {
          "default": {
            "description": ""
          }
        },
        "security": [
          {
            "bearerAuth": ""
          }
        ]
      }
    },
    "/banners": {
      "post": {
        "tags": [
          "Banners"
        ],
        "description": "",
        "responses": {
          "default": {
            "description": ""
          }
        },
        "security": [
          {
            "bearerAuth": {}
          }
        ],
        "requestBody": {
          "required": true,
          "content": {
            "application/json": {
              "schema": {
                "$ref": "#/components/schemas/CreateBannerRequest"
              }
            },
            "application/xml": {
              "schema": {
                "$ref": "#/components/schemas/CreateBannerRequest"
              }
            }
          }
        }
      },
      "get": {
        "tags": [
          "Banners"
        ],
        "description": "",
        "parameters": [
          {
            "name": "limit",
            "in": "query",
            "schema": {
              "type": "string"
            }
          },
          {
            "name": "page",
            "in": "query",
            "schema": {
              "type": "string"
            }
          },
          {
            "name": "search",
            "in": "query",
            "schema": {
              "type": "string"
            }
          }
        ],
        "responses": {
          "default": {
            "description": ""
          }
        }
      }
    },
    "/banners/{id}": {
      "get": {
        "tags": [
          "Banners"
        ],
        "description": "",
        "parameters": [
          {
            "name": "id",
            "in": "path",
            "required": true,
            "schema": {
              "type": "string"
            }
          }
        ],
        "responses": {
          "default": {
            "description": ""
          }
        }
      },
      "put": {
        "tags": [
          "Banners"
        ],
        "description": "",
        "parameters": [
          {
            "name": "id",
            "in": "path",
            "required": true,
            "schema": {
              "type": "string"
            }
          }
        ],
        "responses": {
          "default": {
            "description": ""
          }
        },
        "security": [
          {
            "bearerAuth": {}
          }
        ],
        "requestBody": {
          "required": true,
          "content": {
            "application/json": {
              "schema": {
                "$ref": "#/components/schemas/CreateBannerRequest"
              }
            },
            "application/xml": {
              "schema": {
                "$ref": "#/components/schemas/CreateBannerRequest"
              }
            }
          }
        }
      },
      "delete": {
        "tags": [
          "Banners"
        ],
        "description": "",
        "parameters": [
          {
            "name": "id",
            "in": "path",
            "required": true,
            "schema": {
              "type": "string"
            }
          }
        ],
        "responses": {
          "default": {
            "description": ""
          }
        },
        "security": [
          {
            "bearerAuth": {}
          }
        ]
      }
    },
    "/tickets": {
      "post": {
        "tags": [
          "Tickets"
        ],
        "description": "",
        "responses": {
          "default": {
            "description": ""
          }
        },
        "security": [
          {
            "bearerAuth": {}
          }
        ],
        "requestBody": {
          "required": true,
          "content": {
            "application/json": {
              "schema": {
                "$ref": "#/components/schemas/CreateTicketRequest"
              }
            },
            "application/xml": {
              "schema": {
                "$ref": "#/components/schemas/CreateTicketRequest"
              }
            }
          }
        }
      },
      "get": {
        "tags": [
          "Tickets"
        ],
        "description": "",
        "parameters": [
          {
            "name": "limit",
            "in": "query",
            "schema": {
              "type": "string"
            }
          },
          {
            "name": "page",
            "in": "query",
            "schema": {
              "type": "string"
            }
          },
          {
            "name": "search",
            "in": "query",
            "schema": {
              "type": "string"
            }
          }
        ],
        "responses": {
          "default": {
            "description": ""
          }
        }
      }
    },
    "/tickets/{id}": {
      "get": {
        "tags": [
          "Tickets"
        ],
        "description": "",
        "parameters": [
          {
            "name": "id",
            "in": "path",
            "required": true,
            "schema": {
              "type": "string"
            }
          }
        ],
        "responses": {
          "default": {
            "description": ""
          }
        }
      },
      "put": {
        "tags": [
          "Tickets"
        ],
        "description": "",
        "parameters": [
          {
            "name": "id",
            "in": "path",
            "required": true,
            "schema": {
              "type": "string"
            }
          }
        ],
        "responses": {
          "default": {
            "description": ""
          }
        },
        "security": [
          {
            "bearerAuth": {}
          }
        ],
        "requestBody": {
          "required": true,
          "content": {
            "application/json": {
              "schema": {
                "$ref": "#/components/schemas/CreateTicketRequest"
              }
            },
            "application/xml": {
              "schema": {
                "$ref": "#/components/schemas/CreateTicketRequest"
              }
            }
          }
        }
      },
      "delete": {
        "tags": [
          "Tickets"
        ],
        "description": "",
        "parameters": [
          {
            "name": "id",
            "in": "path",
            "required": true,
            "schema": {
              "type": "string"
            }
          }
        ],
        "responses": {
          "default": {
            "description": ""
          }
        },
        "security": [
          {
            "bearerAuth": {}
          }
        ]
      }
    },
    "/tickets/{eventId}/events": {
      "get": {
        "tags": [
          "Tickets"
        ],
        "description": "",
        "parameters": [
          {
            "name": "eventId",
            "in": "path",
            "required": true,
            "schema": {
              "type": "string"
            }
          }
        ],
        "responses": {
          "default": {
            "description": ""
          }
        }
      }
    },
    "/category": {
      "post": {
        "tags": [
          "Category"
        ],
        "description": "",
        "responses": {
          "default": {
            "description": ""
          }
        },
        "security": [
          {
            "bearerAuth": {}
          }
        ],
        "requestBody": {
          "required": true,
          "content": {
            "application/json": {
              "schema": {
                "$ref": "#/components/schemas/CreateCategoryRequest"
              }
            },
            "application/xml": {
              "schema": {
                "$ref": "#/components/schemas/CreateCategoryRequest"
              }
            }
          }
        }
      },
      "get": {
        "tags": [
          "Category"
        ],
        "description": "",
        "parameters": [
          {
            "name": "page",
            "in": "query",
            "schema": {
              "type": "string"
            }
          },
          {
            "name": "limit",
            "in": "query",
            "schema": {
              "type": "string"
            }
          },
          {
            "name": "search",
            "in": "query",
            "schema": {
              "type": "string"
            }
          }
        ],
        "responses": {
          "default": {
            "description": ""
          }
        }
      }
    },
    "/category/{id}": {
      "get": {
        "tags": [
          "Category"
        ],
        "description": "",
        "parameters": [
          {
            "name": "id",
            "in": "path",
            "required": true,
            "schema": {
              "type": "string"
            }
          }
        ],
        "responses": {
          "default": {
            "description": ""
          }
        }
      },
      "put": {
        "tags": [
          "Category"
        ],
        "description": "",
        "parameters": [
          {
            "name": "id",
            "in": "path",
            "required": true,
            "schema": {
              "type": "string"
            }
          }
        ],
        "responses": {
          "default": {
            "description": ""
          }
        },
        "security": [
          {
            "bearerAuth": {}
          }
        ],
        "requestBody": {
          "required": true,
          "content": {
            "application/json": {
              "schema": {
                "$ref": "#/components/schemas/CreateCategoryRequest"
              }
            },
            "application/xml": {
              "schema": {
                "$ref": "#/components/schemas/CreateCategoryRequest"
              }
            }
          }
        }
      },
      "delete": {
        "tags": [
          "Category"
        ],
        "description": "",
        "parameters": [
          {
            "name": "id",
            "in": "path",
            "required": true,
            "schema": {
              "type": "string"
            }
          }
        ],
        "responses": {
          "default": {
            "description": ""
          }
        },
        "security": [
          {
            "bearerAuth": {}
          }
        ]
      }
    },
    "/events": {
      "post": {
        "tags": [
          "Events"
        ],
        "description": "",
        "responses": {
          "default": {
            "description": ""
          }
        },
        "security": [
          {
            "bearerAuth": {}
          }
        ],
        "requestBody": {
          "required": true,
          "content": {
            "application/json": {
              "schema": {
                "$ref": "#/components/schemas/CreateEventRequest"
              }
            },
            "application/xml": {
              "schema": {
                "$ref": "#/components/schemas/CreateEventRequest"
              }
            }
          }
        }
      },
      "get": {
        "tags": [
          "Events"
        ],
        "description": "",
        "parameters": [
          {
            "name": "search",
            "in": "query",
            "schema": {
              "type": "string"
            }
          },
          {
            "name": "limit",
            "in": "query",
            "default": 10,
            "schema": {
              "type": "number"
            }
          },
          {
            "name": "page",
            "in": "query",
            "default": 1,
            "schema": {
              "type": "number"
            }
          },
          {
            "name": "category",
            "in": "query",
            "schema": {
              "type": "string"
            }
          },
          {
            "name": "isOnline",
            "in": "query",
            "schema": {
              "type": "boolean"
            }
          },
          {
            "name": "isPublish",
            "in": "query",
            "schema": {
              "type": "boolean"
            }
          },
          {
            "name": "isFeatured",
            "in": "query",
            "schema": {
              "type": "boolean"
            }
          }
        ],
        "responses": {
          "default": {
            "description": ""
          }
        }
      }
    },
    "/events/{id}": {
      "get": {
        "tags": [
          "Events"
        ],
        "description": "",
        "parameters": [
          {
            "name": "id",
            "in": "path",
            "required": true,
            "schema": {
              "type": "string"
            }
          }
        ],
        "responses": {
          "default": {
            "description": ""
          }
        }
      },
      "put": {
        "tags": [
          "Events"
        ],
        "description": "",
        "parameters": [
          {
            "name": "id",
            "in": "path",
            "required": true,
            "schema": {
              "type": "string"
            }
          }
        ],
        "responses": {
          "default": {
            "description": ""
          }
        },
        "security": [
          {
            "bearerAuth": {}
          }
        ],
        "requestBody": {
          "required": true,
          "content": {
            "application/json": {
              "schema": {
                "$ref": "#/components/schemas/CreateEventRequest"
              }
            },
            "application/xml": {
              "schema": {
                "$ref": "#/components/schemas/CreateEventRequest"
              }
            }
          }
        }
      },
      "delete": {
        "tags": [
          "Events"
        ],
        "description": "",
        "parameters": [
          {
            "name": "id",
            "in": "path",
            "required": true,
            "schema": {
              "type": "string"
            }
          }
        ],
        "responses": {
          "default": {
            "description": ""
          }
        },
        "security": [
          {
            "bearerAuth": {}
          }
        ]
      }
    },
    "/events/{slug}/slug": {
      "get": {
        "tags": [
          "Events"
        ],
        "description": "",
        "parameters": [
          {
            "name": "slug",
            "in": "path",
            "required": true,
            "schema": {
              "type": "string"
            }
          }
        ],
        "responses": {
          "default": {
            "description": ""
          }
        }
      }
    },
    "/regions": {
      "get": {
        "tags": [
          "Regions"
        ],
        "description": "",
        "responses": {
          "default": {
            "description": ""
          }
        }
      }
    },
    "/regions/{id}/province": {
      "get": {
        "tags": [
          "Regions"
        ],
        "description": "",
        "parameters": [
          {
            "name": "id",
            "in": "path",
            "required": true,
            "schema": {
              "type": "string"
            }
          }
        ],
        "responses": {
          "default": {
            "description": ""
          }
        }
      }
    },
    "/regions/{id}/regency": {
      "get": {
        "tags": [
          "Regions"
        ],
        "description": "",
        "parameters": [
          {
            "name": "id",
            "in": "path",
            "required": true,
            "schema": {
              "type": "string"
            }
          }
        ],
        "responses": {
          "default": {
            "description": ""
          }
        }
      }
    },
    "/regions/{id}/district": {
      "get": {
        "tags": [
          "Regions"
        ],
        "description": "",
        "parameters": [
          {
            "name": "id",
            "in": "path",
            "required": true,
            "schema": {
              "type": "string"
            }
          }
        ],
        "responses": {
          "default": {
            "description": ""
          }
        }
      }
    },
    "/regions/{id}/village": {
      "get": {
        "tags": [
          "Regions"
        ],
        "description": "",
        "parameters": [
          {
            "name": "id",
            "in": "path",
            "required": true,
            "schema": {
              "type": "string"
            }
          }
        ],
        "responses": {
          "default": {
            "description": ""
          }
        }
      }
    },
    "/regions-search": {
      "get": {
        "tags": [
          "Regions"
        ],
        "description": "",
        "parameters": [
          {
            "name": "name",
            "in": "query",
            "schema": {
              "type": "string"
            }
          }
        ],
        "responses": {
          "default": {
            "description": ""
          }
        }
      }
    },
    "/media/upload-single": {
      "post": {
        "tags": [
          "Media"
        ],
        "description": "",
        "responses": {
          "default": {
            "description": ""
          }
        },
        "security": [
          {
            "bearerAuth": {}
          }
        ],
        "requestBody": {
          "required": true,
          "content": {
            "multipart/form-data": {
              "schema": {
                "type": "object",
                "properties": {
                  "file": {
                    "type": "string",
                    "format": "binary"
                  }
                }
              }
            }
          }
        }
      }
    },
    "/media/upload-multiple": {
      "post": {
        "tags": [
          "Media"
        ],
        "description": "",
        "responses": {
          "default": {
            "description": ""
          }
        },
        "security": [
          {
            "bearerAuth": {}
          }
        ],
        "requestBody": {
          "required": true,
          "content": {
            "multipart/form-data": {
              "schema": {
                "type": "object",
                "properties": {
                  "files": {
                    "type": "array",
                    "items": {
                      "type": "string",
                      "format": "binary"
                    }
                  }
                }
              }
            }
          }
        }
      }
    },
    "/media/remove": {
      "delete": {
        "tags": [
          "Media"
        ],
        "description": "",
        "responses": {
          "default": {
            "description": ""
          }
        },
        "security": [
          {
            "bearerAuth": {}
          }
        ],
        "requestBody": {
          "required": true,
          "content": {
            "application/json": {
              "schema": {
                "$ref": "#/components/schemas/RemoveMediaRequest"
              }
            },
            "application/xml": {
              "schema": {
                "$ref": "#/components/schemas/RemoveMediaRequest"
              }
            }
          }
        }
      }
    }
  },
  "components": {
    "securitySchemes": {
      "bearerAuth": {
        "type": "http",
        "scheme": "bearer"
      }
    },
    "schemas": {
      "LoginRequest": {
        "type": "object",
        "properties": {
          "identifier": {
            "type": "string",
            "example": "agung2025"
          },
          "password": {
            "type": "string",
            "example": "Agung2025!"
          }
        },
        "xml": {
          "name": "LoginRequest"
        }
      },
      "RegisterRequest": {
        "type": "object",
        "properties": {
          "fullName": {
            "type": "string",
            "example": "member2025"
          },
          "username": {
            "type": "string",
            "example": "member2025"
          },
          "email": {
            "type": "string",
            "example": "member2025@yopmail.com"
          },
          "password": {
            "type": "string",
            "example": "Member2025!"
          },
          "confirmPassword": {
            "type": "string",
            "example": "Member2025!"
          }
        },
        "xml": {
          "name": "RegisterRequest"
        }
      },
      "ActivationRequest": {
        "type": "object",
        "properties": {
          "code": {
            "type": "string",
            "example": "abcdef"
          }
        },
        "xml": {
          "name": "ActivationRequest"
        }
      },
      "UpdateProfileRequest": {
        "type": "object",
        "properties": {
          "fullName": {
            "type": "string",
            "example": ""
          },
          "profilePicture": {
            "type": "string",
            "example": ""
          }
        },
        "xml": {
          "name": "UpdateProfileRequest"
        }
      },
      "UpdatePasswordRequest": {
        "type": "object",
        "properties": {
          "oldPassword": {
            "type": "string",
            "example": ""
          },
          "password": {
            "type": "string",
            "example": ""
          },
          "confirmPassword": {
            "type": "string",
            "example": ""
          }
        },
        "xml": {
          "name": "UpdatePasswordRequest"
        }
      },
      "CreateCategoryRequest": {
        "type": "object",
        "properties": {
          "name": {
            "type": "string",
            "example": ""
          },
          "description": {
            "type": "string",
            "example": ""
          },
          "icon": {
            "type": "string",
            "example": ""
          }
        },
        "xml": {
          "name": "CreateCategoryRequest"
        }
      },
      "CreateEventRequest": {
        "type": "object",
        "properties": {
          "name": {
            "type": "string",
            "example": ""
          },
          "banner": {
            "type": "string",
            "example": "fileUrl"
          },
          "category": {
            "type": "string",
            "example": "category ObjectID"
          },
          "description": {
            "type": "string",
            "example": ""
          },
          "startDate": {
            "type": "string",
            "example": "yyyy-mm-dd hh:mm:ss"
          },
          "endDate": {
            "type": "string",
            "example": "yyyy-mm-dd hh:mm:ss"
          },
          "location": {
            "type": "object",
            "properties": {
              "region": {
                "type": "number",
                "example": 3273
              },
              "coordinates": {
                "type": "array",
                "example": [
                  0,
                  0
                ],
                "items": {
                  "type": "number"
                }
              },
              "address": {
                "type": "string",
                "example": ""
              }
            }
          },
          "isOnline": {
            "type": "boolean",
            "example": false
          },
          "isFeatured": {
            "type": "boolean",
            "example": false
          },
          "isPublish": {
            "type": "boolean",
            "example": false
          }
        },
        "xml": {
          "name": "CreateEventRequest"
        }
      },
      "RemoveMediaRequest": {
        "type": "object",
        "properties": {
          "fileUrl": {
            "type": "string",
            "example": ""
          }
        },
        "xml": {
          "name": "RemoveMediaRequest"
        }
      },
      "CreateBannerRequest": {
        "type": "object",
        "properties": {
          "title": {
            "type": "string",
            "example": "Banner 3 - Title"
          },
          "image": {
            "type": "string",
            "example": "https://res.cloudinary.com/five-code/image/upload/v1734918925/f70vpihmblj8lvdmdcrs.png"
          },
          "isShow": {
            "type": "boolean",
            "example": false
          }
        },
        "xml": {
          "name": "CreateBannerRequest"
        }
      },
      "CreateTicketRequest": {
        "type": "object",
        "properties": {
          "price": {
            "type": "number",
            "example": 1500
          },
          "name": {
            "type": "string",
            "example": "Ticket Reguler"
          },
          "events": {
            "type": "string",
            "example": "6762aa5dacb76a9b3e2cb1da"
          },
          "description": {
            "type": "string",
            "example": "Ticket Reguler - Description"
          },
          "quantity": {
            "type": "number",
            "example": 100
          }
        },
        "xml": {
          "name": "CreateTicketRequest"
        }
      },
      "CreateOrderRequest": {
        "type": "object",
        "properties": {
          "events": {
            "type": "string",
            "example": "event object id"
          },
          "ticket": {
            "type": "string",
            "example": "ticket object id"
          },
          "quantity": {
            "type": "number",
            "example": 1
          }
        },
        "xml": {
          "name": "CreateOrderRequest"
        }
      }
    }
  }
}